Date,Store,Sales,Promo,Holiday,Year,Month,Day,DayOfWeek,WeekOfYear,IsWeekend,lag_1,lag_7,lag_30,rolling_mean_7,rolling_mean_30
2024-01-01,1,283.86404353174606,0,1,2024,1,1,0,1,0,256.76,241.97,225.71,257.86,248.2166666666667
2024-01-01,10,258.74393690476165,0,1,2024,1,1,0,1,0,208.29,215.92,204.48,229.36714285714285,234.4393333333333
2024-01-01,2,271.502268471621,0,1,2024,1,1,0,1,0,210.11,263.91,213.04,247.67285714285714,237.15966666666665
2024-01-01,3,266.6026697222221,0,1,2024,1,1,0,1,0,207.03,228.37,207.84,236.63000000000002,238.3312916666667
2024-01-01,4,289.84878125,0,1,2024,1,1,0,1,0,230.64,255.86,225.55,249.60142857142858,253.9576666666667
2024-01-01,5,266.3257207864357,0,1,2024,1,1,0,1,0,209.7,227.84,243.32,226.3171428571429,237.19633333333334
2024-01-01,6,279.2790418253969,0,1,2024,1,1,0,1,0,254.61,234.91,222.02,250.67000000000002,247.61033333333336
2024-01-01,7,280.9827586706351,0,1,2024,1,1,0,1,0,253.23,238.77,230.95,253.44285714285712,244.13495833333334
2024-01-01,8,269.3086978174602,0,1,2024,1,1,0,1,0,206.98,229.92,218.34,246.82714285714286,239.50366666666665
2024-01-01,9,292.5544202132938,0,1,2024,1,1,0,1,0,242.64,255.63,229.87,255.29571428571424,258.4795416666667
2024-01-02,1,260.88661725340205,0,0,2024,1,2,1,1,0,283.86404353174606,285.88,250.86,263.84486336167805,250.15513478439152
2024-01-02,10,242.84278904936306,0,0,2024,1,2,1,1,0,258.74393690476165,245.07,212.15,235.48484812925167,236.24813123015872
2024-01-02,2,241.77168954723092,0,0,2024,1,2,1,1,0,271.502268471621,232.67,214.61,248.7574669245173,239.10840894905405
2024-01-02,3,249.32340048796678,0,0,2024,1,2,1,1,0,266.6026697222221,267.3,210.2,242.09180996031745,240.29004732407404
2024-01-02,4,259.44585825686084,0,0,2024,1,2,1,1,0,289.84878125,261.37,229.36,254.45696875,256.10095937500006
2024-01-02,5,242.95123327618757,0,0,2024,1,2,1,1,0,266.3257207864357,244.04,283.12,231.81510296949085,237.96319069288117
2024-01-02,6,258.67330839261473,0,0,2024,1,2,1,1,0,279.2790418253969,264.85,257.96,257.0084345464853,249.51896806084653
2024-01-02,7,251.87094674509348,0,0,2024,1,2,1,1,0,280.9827586706351,285.89,217.03,259.47325123866216,245.80271695568783
2024-01-02,8,249.2127562759881,0,0,2024,1,2,1,1,0,269.3086978174602,274.38,208.62,252.4540996882086,241.20262326058202
2024-01-02,9,265.35094541421546,0,0,2024,1,2,1,1,0,292.5544202132938,266.27,272.22,260.570631459042,260.5690223404432
2024-01-03,1,260.7778391696971,0,0,2024,1,3,2,1,0,260.88661725340205,290.81,233.02,260.27438011216407,250.4893553595049
2024-01-03,10,246.52889059316055,0,0,2024,1,3,2,1,0,242.84278904936306,242.08,256.24,235.1666751363035,237.27122419847083
2024-01-03,2,252.94208118376255,0,0,2024,1,3,2,1,0,241.77168954723092,279.06,226.72,250.0577082884074,240.0137986006284
2024-01-03,3,250.4587960795051,0,0,2024,1,3,2,1,0,249.32340048796678,243.05,227.28,239.52372431574128,241.59416067367295
2024-01-03,4,263.6007813514282,0,0,2024,1,3,2,1,0,259.44585825686084,255.01,246.03,254.182091358123,257.1038213168954
2024-01-03,5,241.961580756024,0,0,2024,1,3,2,1,0,242.95123327618757,237.31,227.69,231.65956486608908,236.62423180208742
2024-01-03,6,260.91363118746744,0,0,2024,1,3,2,1,0,258.67330839261473,257.2,245.25,256.1260500311445,249.54274500726706
2024-01-03,7,254.61661973988865,0,0,2024,1,3,2,1,0,251.87094674509348,260.09,237.94,254.61338648796124,246.96408184719093
2024-01-03,8,253.53374842478055,0,0,2024,1,3,2,1,0,249.2127562759881,258.29,235.3,248.8587791562069,242.55571513644827
2024-01-03,9,264.77476784075094,0,0,2024,1,3,2,1,0,265.35094541421546,264.43,249.18,260.439337946787,260.34005385425036
2024-01-04,1,244.7764414822483,0,0,2024,1,4,3,1,0,260.7778391696971,251.68,247.97,255.9840714221207,251.41461666516145
2024-01-04,10,234.4748153157332,0,0,2024,1,4,3,1,0,246.52889059316055,235.35,252.54,235.80223093532646,236.94752055157613
2024-01-04,2,236.3516803747021,0,0,2024,1,4,3,1,0,252.94208118376255,232.02,249.8,246.32657702894494,240.88786797342047
2024-01-04,3,239.36168463467635,0,0,2024,1,4,3,1,0,250.4587960795051,272.93,300.14875,240.58212375567058,242.36678720965645
2024-01-04,4,248.4210145258447,0,0,2024,1,4,3,1,0,263.6007813514282,251.64,261.93,255.40934583689844,257.6895140286096
2024-01-04,5,234.0432386675703,0,0,2024,1,4,3,1,0,241.961580756024,236.64,282.56,232.32407640266388,237.09995116062154
2024-01-04,6,243.46713701629656,0,0,2024,1,4,3,1,0,260.91363118746744,252.01,290.88,256.6565687722113,250.06486604684926
2024-01-04,7,241.81068598773254,0,0,2024,1,4,3,1,0,254.61661973988865,280.14,242.43,253.83147502223102,247.5199691718539
2024-01-04,8,240.29736778718691,0,0,2024,1,4,3,1,0,253.53374842478055,236.6,243.39,248.17931464546126,243.1635067506076
2024-01-04,9,247.82799224867722,0,0,2024,1,4,3,1,0,264.77476784075094,293.59,274.2,260.4885904954657,260.8598794489421
2024-01-05,1,230.2551024664225,0,0,2024,1,5,4,1,0,244.7764414822483,259.94,262.7,254.9978487767276,251.3081647145698
2024-01-05,10,218.33715470726526,0,0,2024,1,5,4,1,0,234.4748153157332,222.82,269.16,235.6772045518598,236.34534772876728
2024-01-05,2,217.94971469516605,0,0,2024,1,5,4,1,0,236.3516803747021,281.94,246.78,246.94538851104522,240.43959065257727
2024-01-05,3,222.63747105145342,0,0,2024,1,5,4,1,0,239.36168463467635,222.2,251.36,235.78665013205293,240.34055169747901
2024-01-05,4,231.41289038359784,0,0,2024,1,5,4,1,0,248.4210145258447,236.31,263.31,254.94949076916194,257.23921451280444
2024-01-05,5,215.48296458161823,0,0,2024,1,5,4,1,0,234.0432386675703,224.49,254.03,231.95311049803107,235.4827257828739
2024-01-05,6,226.0756555832131,0,0,2024,1,5,4,1,0,243.46713701629656,239.36,258.86,255.4361597745394,248.48443728072587
2024-01-05,7,226.51937914601555,0,0,2024,1,5,4,1,0,241.81068598773254,234.99,300.14875,248.35585873476427,247.499325371445
2024-01-05,8,224.61919559489004,0,0,2024,1,5,4,1,0,240.29736778718691,260.68,287.71,248.70751004363083,243.06041901018048
2024-01-05,9,232.41727261904768,0,0,2024,1,5,4,1,0,247.82799224867722,237.51,300.14875,253.95116081670534,259.980812523898
2024-01-06,1,220.06939928692154,0,0,2024,1,6,5,1,1,230.2551024664225,217.98,242.49,250.75714912907375,250.2266681301172
2024-01-06,10,207.4111393979037,0,0,2024,1,6,5,1,1,218.33715470726526,236.04,233.23,235.03679808146907,234.65125288567612
2024-01-06,2,209.66694355575504,0,0,2024,1,6,5,1,1,217.94971469516605,234.0,276.09,237.80391918178321,239.47858114241612
2024-01-06,3,211.12529856434733,0,0,2024,1,6,5,1,1,222.63747105145342,215.53,270.65,235.8491459965462,239.38313406586082
2024-01-06,4,226.08289390331902,0,0,2024,1,6,5,1,1,231.41289038359784,256.38,261.06,254.2499036811045,256.17597752559107
2024-01-06,5,208.19503376693697,0,0,2024,1,6,5,1,1,215.48296458161823,204.2,233.04,230.66639115254796,234.1978246022612
2024-01-06,6,215.59541891024705,0,0,2024,1,6,5,1,1,226.0756555832131,251.75,246.24,253.538396286427,247.39162580016628
2024-01-06,7,214.47972167982803,0,0,2024,1,6,5,1,1,226.51937914601555,220.99,251.4,247.14577004133793,245.0450130096455
2024-01-06,8,210.9803000035299,0,0,2024,1,6,5,1,1,224.61919559489004,260.94,277.54,243.55596655718654,240.95739219667684
2024-01-06,9,226.18220972222252,0,0,2024,1,6,5,1,1,232.41727261904768,227.0,259.71,253.22362833371216,257.72309661119954
2024-01-07,1,225.16797364310682,0,0,2024,1,7,6,1,1,220.06939928692154,256.76,240.36,251.0556347414911,249.4793147730146
2024-01-07,10,207.0613148222195,0,0,2024,1,7,6,1,1,207.4111393979037,208.29,222.4,230.9469608525982,233.79062419893958
2024-01-07,2,209.8398751388834,0,0,2024,1,7,6,1,1,209.66694355575504,210.11,216.57,234.3277682611768,237.2644792609413
2024-01-07,3,210.12879203960915,0,0,2024,1,7,6,1,1,211.12529856434733,207.03,219.59,235.21990293431014,237.39897735133908
2024-01-07,4,227.89044366522387,0,0,2024,1,7,6,1,1,226.08289390331902,230.64,261.54,249.92174566729292,255.010073989035
2024-01-07,5,205.84395802048553,0,0,2024,1,7,6,1,1,208.19503376693697,209.7,212.51,231.2371102621104,233.36965906115907
2024-01-07,6,216.1146093416502,0,0,2024,1,7,6,1,1,215.59541891024705,254.61,247.07,248.373456130748,246.37013976384117
2024-01-07,7,214.88779600653544,0,0,2024,1,7,6,1,1,214.47972167982803,253.23,234.49,246.21573028131337,243.81433706563976
2024-01-07,8,211.38847833348476,0,0,2024,1,7,6,1,1,210.9803000035299,206.98,226.08,236.41886655769082,238.73873553012785
2024-01-07,9,228.6648218795096,0,0,2024,1,7,6,1,1,226.18220972222252,242.64,268.04,253.1068011511725,256.6055036019403
2024-01-08,1,241.59791071531401,0,0,2024,1,8,0,2,0,225.16797364310682,283.86404353174606,240.41,246.54248811907775,248.97291389445152
2024-01-08,10,223.11841532397767,0,0,2024,1,8,0,2,0,207.0613148222195,258.74393690476165,241.32,230.77143439862954,233.27933469301354
2024-01-08,2,226.53554337780952,0,0,2024,1,8,0,2,0,209.8398751388834,271.502268471621,212.19,234.28917899530302,237.04014176557072
2024-01-08,3,226.23564435289924,0,0,2024,1,8,0,2,0,210.12879203960915,266.6026697222221,240.33,235.66258751139713,237.08360375265937
2024-01-08,4,242.8287159320309,0,0,2024,1,8,0,2,0,227.89044366522387,289.84878125,223.02,249.52895190518205,253.8884221112091
2024-01-08,5,222.88211438984638,0,0,2024,1,8,0,2,0,205.84395802048553,266.3257207864357,208.59,230.6862471221798,233.14745766184194
2024-01-08,6,235.95176809030133,0,0,2024,1,8,0,2,0,216.1146093416502,279.2790418253969,221.36,242.87411460812658,245.33829340856283
2024-01-08,7,232.9926962727329,0,0,2024,1,8,0,2,0,214.88779600653544,280.9827586706351,220.5,240.73827256796127,243.1609302658576
2024-01-08,8,228.34503429073632,0,0,2024,1,8,0,2,0,211.38847833348476,269.3086978174602,256.57,237.04864917676008,238.24901814124402
2024-01-08,9,243.96911157407413,0,0,2024,1,8,0,2,0,228.6648218795096,292.5544202132938,231.27,251.1103471339596,255.2929976645906
2024-01-09,1,253.6297761784772,0,0,2024,1,9,1,2,0,241.59791071531401,260.88661725340205,233.21,240.50446914530175,249.01251091829536
2024-01-09,10,241.6044153287249,0,0,2024,1,9,1,2,0,223.11841532397767,242.84278904936306,198.05,225.68207417280328,232.6726152038128
2024-01-09,2,246.7721716878959,0,0,2024,1,9,1,2,0,226.53554337780952,241.77168954723092,245.46,227.86536112475852,237.518326544831
2024-01-09,3,245.1148627788669,0,0,2024,1,9,1,2,0,226.23564435289924,249.32340048796678,212.58,229.8958696014939,236.61379189775602
2024-01-09,4,256.8676463358229,0,0,2024,1,9,1,2,0,242.8287159320309,259.44585825686084,284.43,242.8117997169008,254.54871264227683
2024-01-09,5,243.0667656755819,0,0,2024,1,9,1,2,0,222.88211438984638,242.95123327618757,210.4,224.4800176369527,233.62386147483684
2024-01-09,6,251.90605952272702,0,0,2024,1,9,1,2,0,235.95176809030133,258.67330839261473,261.19,236.6845040745415,245.82468567823952
2024-01-09,7,252.07624384663887,0,0,2024,1,9,1,2,0,232.9926962727329,251.87094674509348,228.47,233.88254936826095,243.5773534749487
2024-01-09,8,244.35135826110945,0,0,2024,1,9,1,2,0,228.34503429073632,249.2127562759881,215.2,231.1966972443709,237.3081859509352
2024-01-09,9,257.4215406231473,0,0,2024,1,9,1,2,0,243.96911157407413,265.35094541421546,234.61,244.16958875692822,255.71630138372637
2024-01-10,1,256.93291569604844,0,0,2024,1,10,2,2,0,253.6297761784772,260.7778391696971,241.47,239.46777756316962,249.6931701242446
2024-01-10,10,244.7976530377417,0,0,2024,1,10,2,2,0,241.6044153287249,246.52889059316055,253.47,225.50516364128353,234.12442904810365
2024-01-10,2,247.38055434525896,0,0,2024,1,10,2,2,0,246.7721716878959,252.94208118376255,252.54,228.5797157162821,237.56206560109422
2024-01-10,3,247.9754448939677,0,0,2024,1,10,2,2,0,245.1148627788669,250.4587960795051,253.39,229.29464992876538,237.69828732371823
2024-01-10,4,257.1963645658234,0,0,2024,1,10,2,2,0,256.8676463358229,263.6007813514282,241.03,242.44348372818106,253.62996752013763
2024-01-10,5,243.97869464428024,0,0,2024,1,10,2,2,0,243.0667656755819,241.961580756024,284.98,224.49652226543762,234.7127536640229
2024-01-10,6,255.01771092872158,0,0,2024,1,10,2,2,0,251.90605952272702,260.91363118746744,235.34,235.71775423598612,245.51522099566378
2024-01-10,7,254.63088535648126,0,0,2024,1,10,2,2,0,252.07624384663887,254.61661973988865,282.44,233.91187752562456,244.36422826983664
2024-01-10,8,246.99932995513595,0,0,2024,1,10,2,2,0,244.35135826110945,253.53374842478055,230.97,230.502211813674,238.2798978929722
2024-01-10,9,258.817677512028,0,0,2024,1,10,2,2,0,257.4215406231473,264.77476784075094,245.02,243.03681664391848,256.4766860711646
2024-01-11,1,245.25349975577498,0,0,2024,1,11,3,2,0,256.93291569604844,244.7764414822483,255.62,238.91850278121981,250.20860064744616
2024-01-11,10,231.51152656417807,0,0,2024,1,11,3,2,0,244.7976530377417,234.4748153157332,246.6,225.2578439905094,233.83535081602838
2024-01-11,2,233.90098219691873,0,0,2024,1,11,3,2,0,247.38055434525896,236.3516803747021,234.76,227.78521188221015,237.3900840792695
2024-01-11,3,235.69647811621388,0,0,2024,1,11,3,2,0,247.9754448939677,239.36168463467635,245.17,228.93988547368858,237.51780215351712
2024-01-11,4,247.69319824258147,0,0,2024,1,11,3,2,0,257.1963645658234,248.4210145258447,255.14,241.52856704452321,254.16884633899838
2024-01-11,5,230.9550609944983,0,0,2024,1,11,3,2,0,243.97869464428024,234.0432386675703,247.16,224.78468139233138,233.3460434854989
2024-01-11,6,243.49720137645082,0,0,2024,1,11,3,2,0,255.01771092872158,243.46713701629656,257.67,234.87547991330808,246.17114469328786
2024-01-11,7,243.0958635878945,0,0,2024,1,11,3,2,0,254.63088535648126,241.81068598773254,263.96,233.9139154708521,243.43725778171938
2024-01-11,8,235.6971385816541,0,0,2024,1,11,3,2,0,246.99932995513595,240.29736778718691,249.38,229.5687234608676,238.81420889147677
2024-01-11,9,248.37737787125917,0,0,2024,1,11,3,2,0,258.817677512028,247.82799224867722,265.91,242.1858037398152,256.93660865489886
2024-01-12,1,230.0811325697452,0,0,2024,1,12,4,2,0,245.25349975577498,230.2551024664225,257.29,238.98665396315224,249.86305063930533
2024-01-12,10,212.80125797396914,0,0,2024,1,12,4,2,0,231.51152656417807,218.33715470726526,297.54,224.83451702600152,233.33240170150094
2024-01-12,2,218.2498800858174,0,0,2024,1,12,4,2,0,233.90098219691873,217.94971469516605,244.25,227.4351121425268,237.3614501525001
2024-01-12,3,217.8999245715007,0,0,2024,1,12,4,2,0,235.69647811621388,222.63747105145342,238.32,228.41628454247967,237.20201809072427
2024-01-12,4,229.74588227873994,0,0,2024,1,12,4,2,0,247.69319824258147,231.41289038359784,269.49,241.42459328977134,253.92061961375111
2024-01-12,5,214.40959969692855,0,0,2024,1,12,4,2,0,230.9550609944983,215.48296458161823,245.64,224.34351315332108,232.80587885198216
2024-01-12,6,226.42025727141754,0,0,2024,1,12,4,2,0,243.49720137645082,226.0756555832131,262.34,234.87977482190158,245.69871807250286
2024-01-12,7,224.98415590832786,0,0,2024,1,12,4,2,0,243.0958635878945,226.51937914601555,256.7,234.09751227087523,242.74178656798253
2024-01-12,8,213.6229165274297,0,0,2024,1,12,4,2,0,235.6971385816541,224.61919559489004,293.81,228.9115478600772,238.35811351086522
2024-01-12,9,230.01738686868688,0,0,2024,1,12,4,2,0,248.37737787125917,232.41727261904768,300.14875,242.26428740018406,256.35218791727425
2024-01-13,1,218.4444117528116,0,0,2024,1,13,5,2,1,230.0811325697452,220.06939928692154,291.24,238.96180112076974,248.95608839163017
2024-01-13,10,203.49650817521393,0,0,2024,1,13,5,2,1,212.80125797396914,207.4111393979037,235.83,224.04367463553064,230.50777696729992
2024-01-13,2,208.3056655439249,0,0,2024,1,13,5,2,1,218.2498800858174,209.66694355575504,230.49,227.47799291261987,236.49477948869404
2024-01-13,3,208.31334715917748,0,0,2024,1,13,5,2,1,217.8999245715007,211.12529856434733,239.79,227.7394921882007,236.52134890977428
2024-01-13,4,222.4639113672441,0,0,2024,1,13,5,2,1,229.74588227873994,226.08289390331902,244.66,241.1864492747916,252.59581568970907
2024-01-13,5,206.50596671837144,0,0,2024,1,13,5,2,1,214.40959969692855,208.19503376693697,261.64,224.19017531265112,231.76486550854645
2024-01-13,6,214.90498329189484,0,0,2024,1,13,5,2,1,226.42025727141754,215.59541891024705,284.57,234.9290036345022,244.50139331488344
2024-01-13,7,213.52544596764528,0,0,2024,1,13,5,2,1,224.98415590832786,214.47972167982803,241.28,233.87819466549126,241.6845917649268
2024-01-13,8,207.42594626498956,0,0,2024,1,13,5,2,1,213.6229165274297,210.9803000035299,246.08,227.34065085044,235.68521072844624
2024-01-13,9,225.6945395490623,0,0,2024,1,13,5,2,1,230.01738686868688,226.18220972222252,263.07,241.9214465787039,254.01447581289713
2024-01-14,1,217.9188584660744,0,0,2024,1,14,6,2,1,218.4444117528116,225.16797364310682,231.75,238.72966004446835,246.52956878339054
2024-01-14,10,203.0523834102529,0,0,2024,1,14,6,2,1,203.49650817521393,207.0613148222195,253.17,223.48444160371784,229.42999390647373
2024-01-14,2,208.69574745025506,0,0,2024,1,14,6,2,1,208.3056655439249,209.8398751388834,216.87,227.28352462521556,235.75530167349154
2024-01-14,3,208.26531257419094,0,0,2024,1,14,6,2,1,208.31334715917748,210.12879203960915,241.25,227.337784844605,235.47212714841353
2024-01-14,4,225.1265881126538,0,0,2024,1,14,6,2,1,222.4639113672441,227.89044366522387,236.56,240.66945176963804,251.85594606861721
2024-01-14,5,203.9433005319966,0,0,2024,1,14,6,2,1,206.50596671837144,205.84395802048553,210.21,223.94888001999888,229.92706439915884
2024-01-14,6,215.82081918310317,0,0,2024,1,14,6,2,1,214.90498329189484,216.1146093416502,221.29,234.8303699747376,242.17922609127993
2024-01-14,7,215.73785012486564,0,0,2024,1,14,6,2,1,213.52544596764528,214.88779600653544,229.2,233.74186956375087,240.7594399638483
2024-01-14,8,208.0386643114122,0,0,2024,1,14,6,2,1,207.42594626498956,211.38847833348476,216.47,226.83288603064852,234.39674227061252
2024-01-14,9,225.73450980639745,0,0,2024,1,14,6,2,1,225.6945395490623,228.6648218795096,249.36,241.85177941110962,252.76862713119917
2024-01-15,1,235.32581177236028,0,0,2024,1,15,0,3,0,217.9188584660744,241.59791071531401,226.69,237.69407216203513,246.0685307322597
2024-01-15,10,216.21478689498323,0,0,2024,1,15,0,3,0,203.0523834102529,223.11841532397767,199.19,222.91173711629406,227.75940668681554
2024-01-15,2,227.63956750484843,0,0,2024,1,15,0,3,0,208.69574745025506,226.53554337780952,212.6,227.1200778125544,235.48282658850002
2024-01-15,3,227.4713477914688,0,0,2024,1,15,0,3,0,208.26531257419094,226.23564435289924,247.88,227.07157349240242,234.37263756755323
2024-01-15,4,243.5073459259259,0,0,2024,1,15,0,3,0,225.1265881126538,242.8287159320309,277.7,240.27461526212804,251.474832339039
2024-01-15,5,221.1105747026434,0,0,2024,1,15,0,3,0,203.9433005319966,222.88211438984638,203.71,223.67735752164336,229.71817441689205
2024-01-15,6,232.58780760848265,0,0,2024,1,15,0,3,0,215.82081918310317,235.95176809030133,254.96,234.78839995208804,241.9969200640501
2024-01-15,7,230.08399666455583,0,0,2024,1,15,0,3,0,215.73785012486564,232.9926962727329,215.73,233.86330586636947,240.31070163467717
2024-01-15,8,228.5227422670224,0,0,2024,1,15,0,3,0,208.0386643114122,228.34503429073632,212.23,226.35434117035246,234.1156977476596
2024-01-15,9,243.10013577554287,0,0,2024,1,15,0,3,0,225.73450980639745,243.96911157407413,225.93,241.43316340066502,251.98111079141242
2024-01-16,1,252.73885982774658,0,0,2024,1,16,1,3,0,235.32581177236028,253.6297761784772,255.65,236.79805802732747,246.35639112467166
2024-01-16,10,232.8695784257216,0,0,2024,1,16,1,3,0,216.21478689498323,241.6044153287249,219.24,221.92550448358057,228.32689958331497
2024-01-16,2,245.27228616642762,0,0,2024,1,16,1,3,0,227.63956750484843,246.7721716878959,238.04,227.2777955449885,235.98414550532834
2024-01-16,3,241.84011867468035,0,0,2024,1,16,1,3,0,227.4713477914688,245.1148627788669,206.13,227.24810255505523,233.69234916060216
2024-01-16,4,256.7330489894074,0,0,2024,1,16,1,3,0,243.5073459259259,256.8676463358229,263.16,240.37156240411306,250.33507720323658
2024-01-16,5,235.83866815627175,0,0,2024,1,16,1,3,0,221.1105747026434,243.0667656755819,243.33,223.42428042347146,230.29819357364678
2024-01-16,6,248.10264708124998,0,0,2024,1,16,1,3,0,232.58780760848265,251.90605952272702,222.29,234.3078341689711,241.25118031766615
2024-01-16,7,248.05100872360765,0,0,2024,1,16,1,3,0,230.08399666455583,252.07624384663887,226.63,233.4477773509156,240.78916819016237
2024-01-16,8,243.10232212452286,0,0,2024,1,16,1,3,0,228.5227422670224,244.35135826110945,210.7,226.3797280241076,234.65878915656037
2024-01-16,9,257.10588994266595,0,0,2024,1,16,1,3,0,243.10013577554287,257.4215406231473,244.54,241.30902400087487,252.55344865059718
2024-01-17,1,255.22891235109608,0,0,2024,1,17,2,3,0,252.73885982774658,256.93291569604844,241.52,236.67078426293736,246.25935311892988
2024-01-17,10,233.76360040234013,0,0,2024,1,17,2,3,0,232.8695784257216,244.7976530377417,257.48,220.67767064029437,228.78121886417233
2024-01-17,2,246.8071563786078,0,0,2024,1,17,2,3,0,245.27228616642762,247.38055434525896,225.8,227.06352618477874,236.22522171087593
2024-01-17,3,244.95124232831125,0,0,2024,1,17,2,3,0,241.84011867468035,247.9754448939677,258.81,226.78028196874283,234.8826864497582
2024-01-17,4,257.05268249241556,0,0,2024,1,17,2,3,0,256.7330489894074,257.1963645658234,236.66,240.352334211768,250.12084550288347
2024-01-17,5,236.25491527212483,0,0,2024,1,17,2,3,0,235.83866815627175,243.97869464428024,235.58,222.39169506357004,230.04848251218922
2024-01-17,6,250.0313296902576,0,0,2024,1,17,2,3,0,248.10264708124998,255.01771092872158,245.35,233.7644895344744,242.1116018870412
2024-01-17,7,250.46880960169858,0,0,2024,1,17,2,3,0,248.05100872360765,254.63088535648126,234.16,232.87274376191115,241.50320181428268
2024-01-17,8,246.55384468726916,0,0,2024,1,17,2,3,0,243.10232212452286,246.99932995513595,231.47,226.2012942903095,235.7388665607111
2024-01-17,9,257.26284326022216,0,0,2024,1,17,2,3,0,257.10588994266595,258.817677512028,281.02,241.26393104652038,252.9723116486861
2024-01-18,1,244.58110941545252,0,0,2024,1,18,3,3,0,255.22891235109608,245.25349975577498,254.64,236.42735521365847,246.71631686396643
2024-01-18,10,225.17096747034267,0,0,2024,1,18,3,3,0,233.76360040234013,231.51152656417807,235.28,219.10137740666556,227.990672210917
2024-01-18,2,233.839520935786,0,0,2024,1,18,3,3,0,246.8071563786078,233.90098219691873,271.99,226.98161218954283,236.92546025682955
2024-01-18,3,231.46515343363245,0,0,2024,1,18,3,3,0,244.95124232831125,235.69647811621388,241.56,226.3482530307919,234.4207278607019
2024-01-18,4,244.68469621969606,0,0,2024,1,18,3,3,0,257.05268249241556,247.69319824258147,294.76,240.33180820128115,250.800601585964
2024-01-18,5,225.63907411939533,0,0,2024,1,18,3,3,0,236.25491527212483,230.9550609944983,249.73,221.288298010405,230.07097968792672
2024-01-18,6,239.18319279715405,0,0,2024,1,18,3,3,0,250.0313296902576,243.49720137645082,254.23,233.0521493575509,242.26764621004978
2024-01-18,7,238.97859367108958,0,0,2024,1,18,3,3,0,250.46880960169858,243.0958635878945,255.38,232.27816151122786,242.04682880100594
2024-01-18,8,232.8055448243915,0,0,2024,1,18,3,3,0,246.55384468726916,235.6971385816541,276.28,226.13765353775716,236.24166138362008
2024-01-18,9,245.81982613328645,0,0,2024,1,18,3,3,0,257.26284326022216,248.37737787125917,262.47,241.04181186769097,252.1804064240268
2024-01-19,1,227.18240605649888,0,0,2024,1,19,4,3,0,244.58110941545252,230.0811325697452,260.08,236.33129945075527,246.3810205111482
2024-01-19,10,206.60487902006415,0,0,2024,1,19,4,3,0,225.17096747034267,212.80125797396914,242.42,218.1955832504034,227.65370445992843
2024-01-19,2,216.2091833467579,0,0,2024,1,19,4,3,0,233.839520935786,218.2498800858174,249.86,226.972832009381,235.65377762135574
2024-01-19,3,211.95059967214405,0,0,2024,1,19,4,3,0,231.46515343363245,217.8999245715007,277.67,225.74377807613743,234.08423297515634
2024-01-19,4,228.16486267002077,0,0,2024,1,19,4,3,0,244.68469621969606,229.74588227873994,270.66,239.90202219801176,249.13142479328718
2024-01-19,5,207.61588258524034,0,0,2024,1,19,4,3,0,225.63907411939533,214.40959969692855,249.18,220.5288713139617,229.2679488252399
2024-01-19,6,224.03891288182393,0,0,2024,1,19,4,3,0,239.18319279715405,226.42025727141754,259.05,232.4358624176514,241.7660859699549
2024-01-19,7,224.1597098832429,0,0,2024,1,19,4,3,0,238.97859367108958,224.98415590832786,263.85,231.68998009454148,241.50011525670894
2024-01-19,8,214.05221069433938,0,0,2024,1,19,4,3,0,232.8055448243915,213.6229165274297,251.09,225.72456871529107,234.79251287776646
2024-01-19,9,229.62682461288725,0,0,2024,1,19,4,3,0,245.81982613328645,230.01738686868688,275.05,240.67644733369482,251.62540062846966
2024-01-20,1,214.70505360216225,0,0,2024,1,20,5,3,1,227.18240605649888,218.4444117528116,251.13,235.91719566314865,245.2844340463648
2024-01-20,10,199.79571251760083,0,0,2024,1,20,5,3,1,206.60487902006415,203.49650817521393,234.22,217.31038625698838,226.45986709393054
2024-01-20,2,208.73320549943136,0,0,2024,1,20,5,3,1,216.2091833467579,208.3056655439249,223.61,226.6813039038011,234.53208373291434
2024-01-20,3,207.35760437954326,0,0,2024,1,20,5,3,1,211.95059967214405,208.31334715917748,236.98,224.8938745190865,231.89358629756114
2024-01-20,4,216.12466255867287,0,0,2024,1,20,5,3,1,228.16486267002077,222.4639113672441,291.02,239.67616225390907,247.7149202156212
2024-01-20,5,200.43453224619103,0,0,2024,1,20,5,3,1,207.61588258524034,206.50596671837144,235.65,219.55834029800624,227.8824782447479
2024-01-20,6,212.64302397353654,0,0,2024,1,20,5,3,1,224.03891288182393,214.90498329189484,251.19,232.0956703619952,240.5990497326824
2024-01-20,7,212.14367270525094,0,0,2024,1,20,5,3,1,224.1597098832429,213.52544596764528,248.39,231.57220209095792,240.17710558615036
2024-01-20,8,206.6493880600459,0,0,2024,1,20,5,3,1,214.05221069433938,207.42594626498956,236.55,225.785896453421,233.55791990091112
2024-01-20,9,222.37028522430623,0,0,2024,1,20,5,3,1,229.62682461288725,225.6945395490623,300.14875,240.62065272572346,250.1112947822326
2024-01-21,1,215.75757579985816,0,0,2024,1,21,6,3,1,214.70505360216225,217.9188584660744,223.74,235.3830016416273,244.07026916643687
2024-01-21,10,203.25518025807372,0,0,2024,1,21,6,3,1,199.79571251760083,203.0523834102529,218.08,216.78170116304364,225.3123908445172
2024-01-21,2,210.02535490623876,0,0,2024,1,21,6,3,1,208.73320549943136,208.69574745025506,214.51,226.74238104030204,234.03619058289536
2024-01-21,3,206.31504905723077,0,0,2024,1,21,6,3,1,207.35760437954326,208.26531257419094,214.68,224.7573398362816,230.90617311021256
2024-01-21,4,217.3130738706014,0,0,2024,1,21,6,3,1,216.12466255867287,225.1265881126538,235.53,238.77055528125604,245.21840896757698
2024-01-21,5,202.40555680825645,0,0,2024,1,21,6,3,1,200.43453224619103,203.9433005319966,251.31,218.69099251626622,226.70862931962094
2024-01-21,6,215.52137953465765,0,0,2024,1,21,6,3,1,212.64302397353654,215.82081918310317,229.99,231.77253331651542,239.3141505318003
2024-01-21,7,214.9746331780553,0,0,2024,1,21,6,3,1,212.14367270525094,215.73785012486564,226.85,231.37480591061586,238.9688946763254
2024-01-21,8,208.5420833124552,0,0,2024,1,21,6,3,1,206.6493880600459,208.0386643114122,215.81,225.6749595670005,232.56123283624592
2024-01-21,9,217.97673646485413,0,0,2024,1,21,6,3,1,222.37028522430623,225.73450980639745,242.77,240.14575925075832,247.51867928970947
2024-01-22,1,232.88136657110522,0,0,2024,1,22,0,4,0,215.75757579985816,235.32581177236028,214.78,235.07424697502498,243.80418835976553
2024-01-22,10,215.3476526849732,0,0,2024,1,22,0,4,0,203.25518025807372,216.21478689498323,200.09,216.81067214130377,224.818230186453
2024-01-22,2,228.84079464344265,0,0,2024,1,22,0,4,0,210.02535490623876,227.63956750484843,247.82,226.93232496258543,233.8867024131033
2024-01-22,3,225.46450128245314,0,0,2024,1,22,0,4,0,206.31504905723077,227.4713477914688,241.2,224.47873076243013,230.62734141212024
2024-01-22,4,233.31477412128817,0,0,2024,1,22,0,4,0,217.3130738706014,243.5073459259259,260.74,237.65433896096283,244.61117809659703
2024-01-22,5,215.2129531883438,0,0,2024,1,22,0,4,0,202.40555680825645,221.1105747026434,236.6,218.4713148414462,225.07848121322954
2024-01-22,6,229.40373536823313,0,0,2024,1,22,0,4,0,215.52137953465765,232.58780760848265,222.1,231.72975622388034,238.83186318295552
2024-01-22,7,229.38496508715912,0,0,2024,1,22,0,4,0,214.9746331780553,230.08399666455583,226.69,231.2657749182144,238.57304911559385
2024-01-22,8,229.76887933642172,0,0,2024,1,22,0,4,0,208.5420833124552,228.5227422670224,202.0,225.74687656714946,232.31896894666113
2024-01-22,9,236.49261530062518,0,0,2024,1,22,0,4,0,217.97673646485413,243.10013577554287,260.39,239.03750591625212,246.69223717187123
2024-01-23,1,251.97952213733623,0,0,2024,1,23,1,4,0,232.88136657110522,252.73885982774658,259.15,234.7250405177028,244.40756724546904
2024-01-23,10,231.06707422096937,0,0,2024,1,23,1,4,0,215.3476526849732,232.8695784257216,245.43,216.68679582558804,225.32681860928548
2024-01-23,2,243.12193130724685,0,0,2024,1,23,1,4,0,228.84079464344265,245.27228616642762,216.68,227.10392883952744,233.25406223455138
2024-01-23,3,235.18035639859536,0,0,2024,1,23,1,4,0,225.46450128245314,241.84011867468035,210.72,224.1920384039993,230.102824788202
2024-01-23,4,252.34637080081296,0,0,2024,1,23,1,4,0,233.31477412128817,256.7330489894074,238.18,236.198257274586,243.69700390063997
2024-01-23,5,231.0253854414741,0,0,2024,1,23,1,4,0,215.2129531883438,235.83866815627175,221.69,217.62879748226052,224.36557965284098
2024-01-23,6,245.94020862955784,0,0,2024,1,23,1,4,0,229.40373536823313,248.10264708124998,222.42,231.27488876098758,239.0753210285633
2024-01-23,7,245.42035194116204,0,0,2024,1,23,1,4,0,229.38496508715912,248.05100872360765,215.33,231.16591326430057,238.66288128516584
2024-01-23,8,242.82800375745555,0,0,2024,1,23,1,4,0,229.76887933642172,243.10232212452286,215.73,225.92489614849222,233.24459825787514
2024-01-23,9,252.66618473469958,0,0,2024,1,23,1,4,0,236.49261530062518,257.10588994266595,232.24,238.09357441983533,245.89565768189212
2024-01-24,1,254.7907278271731,0,0,2024,1,24,2,4,0,251.97952213733623,255.22891235109608,241.97,234.61656370478704,244.16855131671352
2024-01-24,10,234.17764639249842,0,0,2024,1,24,2,4,0,231.06707422096937,233.76360040234013,215.92,216.4292952249091,224.8480544166511
2024-01-24,2,244.01090472995705,0,0,2024,1,24,2,4,0,243.12193130724685,246.8071563786078,263.91,226.7967352882159,234.13545994479298
2024-01-24,3,236.3856619251067,0,0,2024,1,24,2,4,0,235.18035639859536,244.95124232831125,228.37,223.24064379313003,230.9181700014885
2024-01-24,4,254.41637747792416,0,0,2024,1,24,2,4,0,252.34637080081296,257.05268249241556,255.86,235.57158896192968,244.16921626066704
2024-01-24,5,233.41670665690248,0,0,2024,1,24,2,4,0,231.0253854414741,236.25491527212483,227.84,216.94118566586081,224.67675916755675
2024-01-24,6,249.30248735097277,0,0,2024,1,24,2,4,0,245.94020862955784,250.0313296902576,234.91,230.96596898217442,239.8593279828819
2024-01-24,7,250.22690084156153,0,0,2024,1,24,2,4,0,245.42035194116204,250.46880960169858,238.77,230.7901051525226,239.66589301653786
2024-01-24,8,245.83657651465492,0,0,2024,1,24,2,4,0,242.82800375745555,246.55384468726916,229.92,225.88570781033974,234.14786504979034
2024-01-24,9,254.70025081197963,0,0,2024,1,24,2,4,0,252.66618473469958,257.26284326022216,255.63,237.45933081869728,246.57653050638206
2024-01-25,1,243.00029613689733,0,0,2024,1,25,3,4,0,254.7907278271731,244.58110941545252,285.88,234.55396591565523,244.59590891095266
2024-01-25,10,222.00511347300096,0,0,2024,1,25,3,4,0,234.17764639249842,225.17096747034267,245.07,216.4884446520746,225.4566426297344
2024-01-25,2,230.57047984677828,0,0,2024,1,25,3,4,0,244.01090472995705,233.839520935786,232.67,226.39727076698006,233.4721567691249
2024-01-25,3,225.69135607310298,0,0,2024,1,25,3,4,0,236.3856619251067,231.46515343363245,267.3,222.01698944981513,231.1853587323254
2024-01-25,4,243.64103532241305,0,0,2024,1,25,3,4,0,254.41637747792416,244.68469621969606,261.37,235.19497395985948,244.12109550993122
2024-01-25,5,220.11478490923406,0,0,2024,1,25,3,4,0,233.41670665690248,225.63907411939533,244.04,216.53572729225766,224.8626493894535
2024-01-25,6,237.02737856920803,0,0,2024,1,25,3,4,0,249.30248735097277,239.18319279715405,264.85,230.86184864799085,240.33907756124765
2024-01-25,7,237.56399349683974,0,0,2024,1,25,3,4,0,250.22690084156153,238.97859367108958,285.89,230.75554675821735,240.0477897112566
2024-01-25,8,230.30668752377116,0,0,2024,1,25,3,4,0,245.83657651465492,232.8055448243915,274.38,225.7832409285377,234.67841760027886
2024-01-25,9,244.29471607528242,0,0,2024,1,25,3,4,0,254.70025081197963,245.81982613328645,266.27,237.09324618323404,246.5455388667814
2024-01-26,1,224.8212798264679,0,0,2024,1,26,4,4,0,243.00029613689733,227.18240605649888,290.81,234.32813544729015,243.16658544884925
2024-01-26,10,206.51485823929318,0,0,2024,1,26,4,4,0,222.00511347300096,206.60487902006415,242.08,216.0361797953115,224.68781307883447
2024-01-26,2,212.20351787138375,0,0,2024,1,26,4,4,0,230.57047984677828,216.2091833467579,279.06,225.93026489712182,233.4021727640175
2024-01-26,3,208.1667399173496,0,0,2024,1,26,4,4,0,225.69135607310298,211.95059967214405,243.05,221.19216125545375,229.79840393476215
2024-01-26,4,226.80425121345093,0,0,2024,1,26,4,4,0,243.64103532241305,228.16486267002077,255.01,235.04587954596192,243.53013002067829
2024-01-26,5,206.07535747435733,0,0,2024,1,26,4,4,0,220.11478490923406,207.61588258524034,237.31,215.74654311937746,224.06514221976133
2024-01-26,6,215.73189417017366,0,0,2024,1,26,4,4,0,237.02737856920803,224.03891288182393,257.2,230.5538751868557,239.4116568468879
2024-01-26,7,216.22304817124885,0,0,2024,1,26,4,4,0,237.56399349683974,224.1597098832429,260.09,230.5534610190388,238.4369228278179
2024-01-26,8,214.3510433104642,0,0,2024,1,26,4,4,0,230.30668752377116,214.05221069433938,258.29,225.4262613141634,233.20930718440457
2024-01-26,9,227.33502411820572,0,0,2024,1,26,4,4,0,244.29471607528242,229.62682461288725,264.43,236.8753733178049,245.81302940262412
2024-01-27,1,213.99034225262886,0,0,2024,1,27,5,4,1,224.8212798264679,214.70505360216225,251.68,233.9908317001429,240.9669614430648
2024-01-27,10,195.0843437301186,0,0,2024,1,27,5,4,1,206.51485823929318,199.79571251760083,235.35,216.02331968377283,223.50230835347756
2024-01-27,2,203.84816314663965,0,0,2024,1,27,5,4,1,212.20351787138375,208.73320549943136,232.02,225.35802697206842,231.1736233597303
2024-01-27,3,198.53396670376983,0,0,2024,1,27,5,4,1,208.1667399173496,207.35760437954326,272.93,220.65160986191168,228.63562859867383
2024-01-27,4,215.03158303193834,0,0,2024,1,27,5,4,1,226.80425121345093,216.12466255867287,251.64,234.85150648073767,242.58993839446
2024-01-27,5,194.89659997755456,0,0,2024,1,27,5,4,1,206.07535747435733,200.43453224619103,236.64,215.52646810353704,223.02398746890657
2024-01-27,6,210.94025681489413,0,0,2024,1,27,5,4,1,215.73189417017366,212.64302397353654,252.01,229.36715822804854,238.02938665256033
2024-01-27,7,210.3897310031473,0,0,2024,1,27,5,4,1,216.22304817124885,212.14367270525094,280.14,229.41965220303965,236.9746911001929
2024-01-27,8,207.1913247819404,0,0,2024,1,27,5,4,1,214.3510433104642,206.6493880600459,236.6,225.4689516878955,231.74467529475336
2024-01-27,9,215.93942204422967,0,0,2024,1,27,5,4,1,227.33502411820572,222.37028522430623,293.59,236.5479732471361,244.57653020656437
2024-01-28,1,215.8883928287281,0,0,2024,1,28,6,4,1,213.99034225262886,215.75757579985816,259.94,233.88873007878098,239.7106395181524
2024-01-28,10,198.1304439656814,0,0,2024,1,28,6,4,1,195.0843437301186,203.25518025807372,222.82,215.3502669998468,222.16011981114815
2024-01-28,2,203.10164425177578,0,0,2024,1,28,6,4,1,203.84816314663965,210.02535490623876,281.94,224.6601637788124,230.23456213128495
2024-01-28,3,204.2833408253022,0,0,2024,1,28,6,4,1,198.53396670376983,206.31504905723077,222.2,219.39109019394408,226.1557608221328
2024-01-28,4,217.00321453382594,0,0,2024,1,28,6,4,1,215.03158303193834,217.3130738706014,236.31,234.6953522626327,241.36965782885792
2024-01-28,5,197.79259869400235,0,0,2024,1,28,6,4,1,194.89659997755456,202.40555680825645,224.49,214.73533492230325,221.63254080149173
2024-01-28,6,214.68099481111815,0,0,2024,1,28,6,4,1,210.94025681489413,215.52137953465765,239.36,229.1239057768139,236.6603952130568
2024-01-28,7,212.8176937104791,0,0,2024,1,28,6,4,1,210.3897310031473,214.9746331780553,234.99,229.1690891027391,234.6496821336311
2024-01-28,8,206.14729761014866,0,0,2024,1,28,6,4,1,207.1913247819404,208.5420833124552,260.68,225.5463712195947,230.76438612081805
2024-01-28,9,216.95299025691773,0,0,2024,1,28,6,4,1,215.93942204422967,217.97673646485413,237.51,235.62927850712518,241.9881776080387
2024-01-29,1,229.94266328052404,0,0,2024,1,29,0,5,0,215.8883928287281,232.88136657110522,217.98,233.90741822576234,238.24225261244334
2024-01-29,10,212.99456525355586,0,0,2024,1,29,0,5,0,198.1304439656814,215.3476526849732,236.04,214.61816181521934,221.33713461000423
2024-01-29,2,217.43704829666657,0,0,2024,1,29,0,5,0,203.10164425177578,228.84079464344265,234.0,223.6710622567463,227.6066169396775
2024-01-29,3,215.22847005907425,0,0,2024,1,29,0,5,0,204.2833408253022,225.46450128245314,215.53,219.10084616081141,225.55853884964287
2024-01-29,4,230.41229403379222,0,0,2024,1,29,0,5,0,217.00321453382594,233.31477412128817,256.38,234.65108664309335,240.72609831331883
2024-01-29,5,211.5968624761103,0,0,2024,1,29,0,5,0,197.79259869400235,215.2129531883438,204.2,214.07634090598125,220.74262742462514
2024-01-29,6,229.41607523314684,0,0,2024,1,29,0,5,0,214.68099481111815,229.40373536823313,251.75,229.00385081630824,235.83776170676074
2024-01-29,7,229.07787042418178,0,0,2024,1,29,0,5,0,212.8176937104791,229.38496508715912,220.99,228.8609548930854,233.9106052573138
2024-01-29,8,222.40081955803495,0,0,2024,1,29,0,5,0,206.14729761014866,229.76887933642172,260.94,225.20425897640808,228.94662937448965
2024-01-29,9,232.11539206579022,0,0,2024,1,29,0,5,0,216.95299025691773,236.49261530062518,227.0,235.48302904884852,241.30294394993595
2024-01-30,1,245.33311532312464,0,0,2024,1,30,1,5,0,229.94266328052404,251.97952213733623,256.76,233.48760346996508,238.64100805512751
2024-01-30,10,229.6730489728554,0,0,2024,1,30,1,5,0,212.99456525355586,231.06707422096937,208.29,214.282006467874,220.56895345178938
2024-01-30,2,233.18187568521597,0,0,2024,1,30,1,5,0,217.43704829666657,243.12193130724685,210.11,222.04195563577827,227.05451854956638
2024-01-30,3,231.22431180362202,0,0,2024,1,30,1,5,0,215.22847005907425,235.18035639859536,207.03,217.638555986043,225.54848785161204
2024-01-30,4,247.2165752983188,0,0,2024,1,30,1,5,0,230.41229403379222,252.34637080081296,230.64,234.23644663059395,239.8605081144452
2024-01-30,5,229.76092898419427,0,0,2024,1,30,1,5,0,211.5968624761103,231.0253854414741,209.7,213.55975651851935,220.98918950716214
2024-01-30,6,244.17703253893433,0,0,2024,1,30,1,5,0,229.41607523314684,245.94020862955784,254.61,229.00561365415302,235.09329754786566
2024-01-30,7,243.91298544735525,0,0,2024,1,30,1,5,0,229.07787042418178,245.42035194116204,253.23,228.81708422694575,234.1802009381198
2024-01-30,8,234.6404610312361,0,0,2024,1,30,1,5,0,222.40081955803495,242.82800375745555,206.98,224.1516790080671,227.66199002642412
2024-01-30,9,248.71737404987,0,0,2024,1,30,1,5,0,232.11539206579022,252.66618473469958,242.64,234.85771144387215,241.47345701879559
